Algorithm,Avg_Degradation,Avg_Training_Time,Num_Experiments
Random Forest (Baseline),0.18553973192888545,0.15144097805023193,8
Extra Trees (ET),0.28829621543907824,0.10412979125976562,8
RLT Aggressive (muting=80%),0.20568606176994533,56.23274528980255,8
RLT Linear (k=2),0.16439620465931504,52.87835392355919,8
